datetime, luxo,
2017/03/02 23:32:51,814 ,
2017/03/02 23:32:50,814 ,
2017/03/02 23:32:53,814 ,
2017/03/02 23:32:52,814 ,
2017/03/02 23:32:55,814 ,
2017/03/02 23:32:54,814 ,
2017/03/02 23:32:57,814 ,
2017/03/02 23:32:56,814 ,
2017/03/02 23:32:59,814 ,
2017/03/02 23:32:58,814 ,
2017/03/02 23:32:46,814 ,
2017/03/02 23:32:47,814 ,
2017/03/02 23:32:44,814 ,
2017/03/02 23:32:45,814 ,
2017/03/02 23:32:42,814 ,
2017/03/02 23:32:43,814 ,
2017/03/02 23:32:40,814 ,
2017/03/02 23:32:41,814 ,
2017/03/02 23:32:48,814 ,
2017/03/02 23:32:49,814 ,
2017/03/02 23:31:07,814 ,
2017/03/02 23:31:06,814 ,
2017/03/02 23:31:05,814 ,
2017/03/02 23:31:04,814 ,
2017/03/02 23:31:03,814 ,
2017/03/02 23:31:02,814 ,
2017/03/02 23:31:01,814 ,
2017/03/02 23:31:00,814 ,
2017/03/02 23:31:09,814 ,
2017/03/02 23:31:08,814 ,
2017/03/02 23:32:33,814 ,
2017/03/02 23:32:32,814 ,
2017/03/02 23:32:31,814 ,
2017/03/02 23:32:30,814 ,
2017/03/02 23:32:37,814 ,
2017/03/02 23:32:36,814 ,
2017/03/02 23:32:35,814 ,
2017/03/02 23:32:34,814 ,
2017/03/02 23:32:39,814 ,
2017/03/02 23:32:38,814 ,
2017/03/02 23:31:14,814 ,
2017/03/02 23:31:15,814 ,
2017/03/02 23:31:16,814 ,
2017/03/02 23:31:17,814 ,
2017/03/02 23:31:10,814 ,
2017/03/02 23:31:11,814 ,
2017/03/02 23:31:12,814 ,
2017/03/02 23:31:13,814 ,
2017/03/02 23:31:18,814 ,
2017/03/02 23:31:19,814 ,
2017/03/02 23:32:20,814 ,
2017/03/02 23:32:21,814 ,
2017/03/02 23:32:22,814 ,
2017/03/02 23:32:23,814 ,
2017/03/02 23:32:24,814 ,
2017/03/02 23:32:25,814 ,
2017/03/02 23:32:26,814 ,
2017/03/02 23:32:27,814 ,
2017/03/02 23:32:28,814 ,
2017/03/02 23:32:29,814 ,
2017/03/02 23:31:29,814 ,
2017/03/02 23:31:28,814 ,
2017/03/02 23:31:21,814 ,
2017/03/02 23:31:20,814 ,
2017/03/02 23:31:23,814 ,
2017/03/02 23:31:22,814 ,
2017/03/02 23:31:25,814 ,
2017/03/02 23:31:24,814 ,
2017/03/02 23:31:27,814 ,
2017/03/02 23:31:26,814 ,
2017/03/02 23:32:15,814 ,
2017/03/02 23:32:14,814 ,
2017/03/02 23:32:17,814 ,
2017/03/02 23:32:16,814 ,
2017/03/02 23:32:11,814 ,
2017/03/02 23:32:10,814 ,
2017/03/02 23:32:13,814 ,
2017/03/02 23:32:12,814 ,
2017/03/02 23:32:19,814 ,
2017/03/02 23:32:18,814 ,
2017/03/02 23:31:49,814 ,
2017/03/02 23:31:48,814 ,
2017/03/02 23:31:43,814 ,
2017/03/02 23:31:42,814 ,
2017/03/02 23:31:41,814 ,
2017/03/02 23:31:40,814 ,
2017/03/02 23:31:47,814 ,
2017/03/02 23:31:46,814 ,
2017/03/02 23:31:45,814 ,
2017/03/02 23:31:44,814 ,
2017/03/02 23:31:38,814 ,
2017/03/02 23:31:39,814 ,
2017/03/02 23:31:36,814 ,
2017/03/02 23:31:37,814 ,
2017/03/02 23:31:34,814 ,
2017/03/02 23:31:35,814 ,
2017/03/02 23:31:32,814 ,
2017/03/02 23:31:33,814 ,
2017/03/02 23:31:30,814 ,
2017/03/02 23:31:31,814 ,
2017/03/02 23:32:08,814 ,
2017/03/02 23:32:09,814 ,
2017/03/02 23:32:02,814 ,
2017/03/02 23:32:03,814 ,
2017/03/02 23:32:00,814 ,
2017/03/02 23:32:01,814 ,
2017/03/02 23:32:06,814 ,
2017/03/02 23:32:07,814 ,
2017/03/02 23:32:04,814 ,
2017/03/02 23:32:05,814 ,
2017/03/02 23:31:58,814 ,
2017/03/02 23:31:59,814 ,
2017/03/02 23:31:50,814 ,
2017/03/02 23:31:51,814 ,
2017/03/02 23:31:52,814 ,
2017/03/02 23:31:53,814 ,
2017/03/02 23:31:54,814 ,
2017/03/02 23:31:55,814 ,
2017/03/02 23:31:56,814 ,
2017/03/02 23:31:57,814 ,
